179.0_r_103_1.6_M.jpg,292,895
199.0_r_154_5.0_F.jpg,318,804
266.0_r_150_3.0_M.jpg,284,965
91.0_r_141_6.0_F.jpg,258,774
270.0_r_119_5.0_F.jpg,311,876
336.0_r_109_1.8_M.jpg,281,935
84.0_r_224_5.0_F.jpg,209,701
262.0_r_189_4.0_F.jpg,434,1143
185.0_r_132_4.0_F.jpg,282,928
265.0_r_135_2.0_F.jpg,342,966
122.0_r_124_2.0_M.jpg,309,918
128.0_r_147_2.0_F.jpg,392,950
267.0_r_138_3.0_M.jpg,308,955
176.0_r_194_7.0_F.jpg,271,787
65.0_r_109_6.0_F.jpg,265,907
184.0_r_132_3.0_F.jpg,301,871
63.0_r_150_10.0_F.jpg,259,917
263.0_r_150_2.0_F.jpg,301,952
264.0_r_144_2.0_M.jpg,434,1132
175.0_r_156_8.0_F.jpg,263,693
254.0_r_156_2.0_F.jpg,287,781
177.0_r_124_2.0_M.jpg,233,754
86.0_r_141_3.0_F.jpg,191,683
129.0_r_185_10.0_F.jpg,297,874
127.0_r_178_8.0_F.jpg,281,854
269.0_r_120_4.0_F.jpg,255,843
332.0_r_178_3.0_M.jpg,244,750
187.0_r_96_3.0_M.jpg,210,807
312.0_r_195_5.0_F.jpg,315,926
92.0_r_180_6.0_F.jpg,248,729
309.0_r_129_4.0_F.jpg,257,798
124.0_r_91_2.0_F.jpg,272,922
126.0_r_113_2.0_F.jpg,310,972
261.0_r_163_3.0_F.jpg,270,852
183.0_r_149_4.0_F.jpg,308,931
88.0_r_194_5.0_F.jpg,369,924
4.0_r_165_8.0_F.jpg,305,940
273.0_r_151_5.0_F.jpg,268,812
125.0_r_178_10.0_F.jpg,338,952
6.0_r_96_5.0_M.jpg,316,955
87.0_r_138_6.0_F.jpg,223,778
180.0_r_146_5.0_F.jpg,280,916
334.0_r_181_3.0_M.jpg,311,904
178.0_r_166_6.0_F.jpg,280,845
194.0_r_174_5.0_F.jpg,329,934
291.0_r_220_4.0_F.jpg,453,1238
IMG_20220129_123707.jpg,306,943
132.0_r_224_3.0_F.jpg,218,762
181.0_r_176_10.0_F.jpg,228,741
250.0_r_138_3.0_F.jpg,249,842
94.0_r_132_2.0_F.jpg,244,719
133.0_r_153_3.0_M.jpg,233,777
57.0_r_170_5.0_M.jpg,299,933
249.0_r_83_2.0_F.jpg,276,851
IMG_20220129_125634.jpg,275,935
182.0_r_155_3.0_F.jpg,274,766
252.0_r_117_3.0_F.jpg,278,890
59.0_r_130_2.0_M.jpg,283,806
307.0_r_104_3.0_M.jpg,328,972
5.0_r_157_10.0_F.jpg,273,911
99.0_r_148_3.0_F.jpg,387,1221
274.0_r_155_7.0_F.jpg,320,988
335.0_r_166_1.9_M.jpg,354,1076
2.0_r_61_1.4_F.jpg,275,952
256.0_r_154_2.0_M.jpg,313,1013
197.0_r_294_6.0_F.jpg,329,873
251.0_r_195_6.0_F.jpg,231,652
260.0_r_167_3.0_F.jpg,379,974
275.0_r_172_4.0_F.jpg,403,1135
259.0_r_134_4.0_F.jpg,340,1005
56.0_r_191_4.0_M.jpg,283,915
333.0_r_146_5.0_F.jpg,230,711
315.0_r_137_2.0_M.jpg,407,1290
130.0_r_161_10.0_F.jpg,242,863
93.0_r_173_6.0_F.jpg,233,740
311.0_r_169_5.0_F.jpg,272,819
95.0_r_195_8.0_F.jpg,215,628
192.0_r_174_6.0_F.jpg,241,709
51.0_r_224_2.0_F.jpg,379,1174
255.0_r_187_3.0_F.jpg,277,958
58.0_r_194_4.0_F.jpg,254,746
304.0_r_143_3.0_F.jpg,377,1186
53.0_r_187_4.0_F.jpg,329,951
85.0_r_178_4.0_F.jpg,280,792
131.0_r_75_2.0_F.jpg,279,828
60.0_r_189_2.6_M.jpg,330,1001
325.0_r_99_3.0_F.jpg,363,1144
107.0_r_216_3.6_F.jpg,430,1227
3.0_r_86_10.0_F.jpg,278,934
61.0_r_173_2.0_M.jpg,296,968
193.0_r_160_5.0_F.jpg,266,801
89.0_r_120_3.0_M.jpg,298,921
23.0_r_159_3.6_F.jpg,247,831
195.0_r_150_2.0_M.jpg,260,828
316.0_r_212_3.6_F.jpg,426,1275
123.0_r_170_6.0_F.jpg,202,666
321.0_r_164_3.0_F.jpg,418,1240
253.0_r_104_2.0_F.jpg,256,798
74.0_r_229_8.0_F.jpg,294,861
90.0_r_192_8.0_F.jpg,254,830
55.0_r_165_2.0_M.jpg,327,912
310.0_r_104_3.0_F.jpg,207,786
7.0_r_139_2.0_M.jpg,295,996
52.0_r_176_2.0_F.jpg,343,1044
190.0_r_204_4.0_F.jpg,223,638
191.0_r_154_2.0_F.jpg,224,669
306.0_r_184_4.0_F.jpg,404,1156
98.0_r_185_3.0_F.jpg,350,981
287.0_r_139_2.6_M.jpg,405,1263
298.0_r_136_2.0_F.jpg,422,1197
314.0_r_199_4.0_F.jpg,453,1236
271.0_r_173_5.0_F.jpg,404,975
326.0_r_149_2.0_F.jpg,366,1038
27.0_r_157_2.6_F.jpg,429,1050
289.0_r_174_2.6_F.jpg,352,1140
188.0_r_163_6.0_F.jpg,277,839
8.0_r_107_2.0_M.jpg,319,997
328.0_r_239_4.0_F.jpg,381,1121
45.0_r_174_2.0_F.jpg,351,1073
198.0_r_226_6.0_F.jpg,339,820
258.0_r_102_1.6_F.jpg,335,900
272.0_r_170_8.0_F.jpg,273,829
9.0_r_181_5.0_F.jpg,310,899
330.0_r_146_3.0_F.jpg,349,1104
102.0_r_150_2.0_M.jpg,390,1248
189.0_r_211_3.0_F.jpg,343,1072
IMG_20220129_104343.jpg,342,1127
116.0_r_216_3.0_F.jpg,380,1287
161.0_r_144_3.0_F.jpg,330,1032
22.0_r_194_3.8_F.jpg,383,1078
1.0_r_117_10.0_F.jpg,342,1113
209.0_r_168_3.6_F.jpg,384,1172
112.0_r_194_4.0_F.jpg,452,1184
11.0_r_112_2.0_F.jpg,242,863
165.0_r_176_3.6_F.jpg,399,1246
257.0_r_174_3.0_F.jpg,228,668
300.0_r_169_4.0_F.jpg,388,1268
167.0_r_209_2.5_M.jpg,418,1120
294.0_r_164_3.6_F.jpg,372,1208
78.0_r_216_5.0_F.jpg,348,1036
228.0_r_161_3.6_F.jpg,361,1204
278.0_r_206_4.0_F.jpg,406,1117
277.0_r_136_3.0_F.jpg,338,1066
32.0_r_312_3.6_F.jpg,402,1208
225.0_r_142_3.6_F.jpg,371,1156
208.0_r_187_3.6_F.jpg,397,1050
288.0_r_155_4.0_F.jpg,408,1324
100.0_r_181_3.0_F.jpg,388,1123
117.0_r_151_2.6_F.jpg,461,1272
169.0_r_142_3.0_F.jpg,329,1152
219.0_r_172_3.6_F.jpg,421,1183
202.0_r_155_3.6_F.jpg,455,1284
54.0_r_177_2.0_F.jpg,313,892
10.0_r_141_2.0_M.jpg,278,935
331.0_r_176_4.0_F.jpg,389,1145
203.0_r_136_3.0_F.jpg,369,1204
196.0_r_174_5.0_F.jpg,261,835
322.0_r_119_2.0_M.jpg,385,1046
29.0_r_202_2.6_F.jpg,459,1201
280.0_r_161_2.6_F.jpg,318,1019
111.0_r_153_3.0_F.jpg,412,1088
43.0_r_297_3.6_F.jpg,382,1163
109.0_r_160_2.6_F.jpg,348,1251
227.0_r_176_3.0_F.jpg,396,1123
118.0_r_157_3.0_F.jpg,381,1200
226.0_r_151_3.0_F.jpg,371,1188
168.0_r_226_3.0_F.jpg,417,1206
103.0_r_184_3.0_F.jpg,380,1152
303.0_r_146_4.0_F.jpg,357,1102
30.0_r_150_3.0_F.jpg,389,1262
302.0_r_159_3.0_F.jpg,384,1087
21.0_r_146_3.2_F.jpg,265,795
231.0_r_150_3.0_F.jpg,360,1073
14.0_r_115_2.4_F.jpg,374,1217
36.0_r_157_3.6_F.jpg,411,1203
108.0_r_178_2.0_M.jpg,369,1129
31.0_r_150_3.6_F.jpg,392,1245
313.0_r_129_2.6_F.jpg,374,1165
205.0_r_192_3.0_F.jpg,412,1079
75.0_r_183_7.0_F.jpg,279,940
284.0_r_178_3.6_F.jpg,475,1211
305.0_r_180_5.0_F.jpg,464,1199
327.0_r_240_4.0_F.jpg,444,1222
221.0_r_170_4.0_F.jpg,353,1087
173.0_r_153_3.0_F.jpg,407,1273
224.0_r_151_3.0_F.jpg,418,1190
318.0_r_161_3.6_F.jpg,424,1308
105.0_r_165_2.0_F.jpg,283,870
290.0_r_172_3.0_F.jpg,434,1312
24.0_r_174_3.2_F.jpg,352,1107
213.0_r_201_3.0_F.jpg,395,1140
297.0_r_157_2.6_F.jpg,437,1328
106.0_r_177_2.0_F.jpg,371,1105
104.0_r_185_3.6_F.jpg,404,1238
121.0_r_178_3.6_F.jpg,452,1286
33.0_r_174_2.6_F.jpg,405,1198
96.0_r_170_2.0_M.jpg,410,1198
44.0_r_178_3.0_F.jpg,464,1256
42.0_r_191_2.6_F.jpg,388,1144
35.0_r_190_2.6_F.jpg,396,1168
279.0_r_192_4.0_F.jpg,406,1172
26.0_r_183_4.1_F.jpg,387,1139
28.0_r_168_3.6_F.jpg,367,1130
119.0_r_160_2.6_M.jpg,430,1308
218.0_r_165_3.0_F.jpg,384,1153
25.0_r_145_4.2_F.jpg,420,1076
49.0_r_164_3.6_F.jpg,479,1363
48.0_r_138_2.0_F.jpg,364,1115
39.0_r_239_3.6_F.jpg,418,1266
172.0_r_174_3.6_F.jpg,403,1243
292.0_r_157_2.6_M.jpg,498,1315
214.0_r_161_3.6_F.jpg,428,1253
41.0_r_181_3.6_F.jpg,465,1225
234.0_r_176_3.6_F.jpg,383,1162
110.0_r_268_3.6_F.jpg,419,1246
47.0_r_199_3.6_F.jpg,398,1176
207.0_r_199_3.0_F.jpg,421,1118
171.0_r_164_2.6_F.jpg,448,1285
317.0_r_188_3.6_F.jpg,400,1248
114.0_r_124_2.6_F.jpg,419,1280
323.0_r_170_4.0_F.jpg,332,1145
17.0_r_199_3.6_F.jpg,430,1209
293.0_r_128_2.6_M.jpg,471,1263
46.0_r_192_2.6_F.jpg,411,1255
301.0_r_283_5.0_F.jpg,552,1408
15.0_r_126_3.1_F.jpg,437,1222
216.0_r_194_2.6_F.jpg,436,1304
20.0_r_185_3.2_F.jpg,456,1348
170.0_r_216_4.0_F.jpg,505,1180
295.0_r_239_3.6_F.jpg,418,1272
320.0_r_172_2.6_F.jpg,426,1113
79.0_r_216_3.0_F.jpg,378,1162
40.0_r_178_4.0_F.jpg,413,1261
230.0_r_165_3.0_F.jpg,411,1217
19.0_r_165_3.6_F.jpg,397,1207
286.0_r_194_3.0_F.jpg,410,1184
97.0_r_206_2.0_M.jpg,420,1306
16.0_r_129_4.2_F.jpg,455,1229
18.0_r_176_3.6_F.jpg,501,1246
77.0_r_193_5.0_F.jpg,316,887
50.0_r_185_1.7_M.jpg,369,1089
217.0_r_146_3.0_F.jpg,382,1244
12.0_r_157_3.6_F.jpg,461,1179
174.0_r_262_3.6_F.jpg,403,1227
142.0_r_180_6.0_F.jpg,321,969
299.0_r_156_3.0_F.jpg,452,1260
229.0_r_92_2.0_F.jpg,372,1138
163.0_r_172_3.6_F.jpg,408,1305
34.0_r_185_4.0_F.jpg,441,1236
211.0_r_157_2.0_F.jpg,420,1209
134.0_r_242_5.6_F.jpg,340,1014
37.0_r_176_4.0_F.jpg,395,1136
162.0_r_234_4.0_F.jpg,437,1313
101.0_r_199_3.0_F.jpg,413,1133
164.0_r_153_2.0_M.jpg,481,1205
222.0_r_211_4.0_F.jpg,557,1293
281.0_r_168_5.0_F.jpg,389,1086
220.0_r_194_4.0_F.jpg,522,1274
200.0_r_291_3.0_F.jpg,432,1248
276.0_r_185_3.0_F.jpg,347,1140
13.0_r_129_4.2_F.jpg,396,1315
238.0_r_191_6.0_F.jpg,286,758
138.0_r_193_5.0_F.jpg,387,914
201.0_r_170_2.0_M.jpg,379,1193
141.0_r_187_5.0_F.jpg,369,1108
241.0_r_244_3.0_M.jpg,366,992
38.0_r_161_3.6_F.jpg,406,1148
113.0_r_185_4.0_F.jpg,442,1273
319.0_r_219_2.6_F.jpg,473,1318
166.0_r_203_4.0_F.jpg,414,1186
296.0_r_229_2.6_M.jpg,468,1246
137.0_r_187_2.0_F.jpg,323,1072
120.0_r_245_4.6_F.jpg,420,1351
150.0_r_320_5.0_F.jpg,430,1062
210.0_r_229_2.6_F.jpg,356,1235
235.0_r_117_2.0_F.jpg,276,803
232.0_r_160_3.0_F.jpg,443,1199
76.0_r_95_1.6_F.jpg,276,924
115.0_r_140_3.6_F.jpg,454,1259
143.0_r_185_4.6_F.jpg,301,968
80.0_r_256_6.0_F.jpg,328,958
240.0_r_191_5.6_F.jpg,381,1016
215.0_r_335_2.7_F.jpg,470,1351
246.0_r_239_4.6_F.jpg,357,1053
160.0_r_261_5.0_F.jpg,269,716
145.0_r_104_1.7_F.jpg,323,1068
204.0_r_481_2.6_M.jpg,502,1216
248.0_r_192_6.0_F.jpg,359,1048
212.0_r_172_3.6_F.jpg,438,1245
159.0_r_261_2.6_M.jpg,331,898
140.0_r_176_7.0_F.jpg,322,956
206.0_r_224_2.6_M.jpg,467,1251
223.0_r_138_3.6_F.jpg,417,1313
237.0_r_215_5.0_F.jpg,322,934
239.0_r_101_2.0_F.jpg,282,848
153.0_r_215_4.0_F.jpg,331,991
283.0_r_145_3.6_F.jpg,444,1171
81.0_r_194_2.8_F.jpg,356,1095
285.0_r_145_2.6_M.jpg,401,1253
147.0_r_248_5.0_F.jpg,302,954
146.0_r_104_1.8_F.jpg,285,906
242.0_r_176_6.0_F.jpg,415,1167
233.0_r_376_4.0_F.jpg,535,1187
144.0_r_102_1.6_F.jpg,318,1031
236.0_r_180_4.6_F.jpg,368,1049
244.0_r_218_4.0_F.jpg,368,1087
243.0_r_184_5.6_F.jpg,418,1001
156.0_r_244_2.6_F.jpg,371,1112
149.0_r_300_6.0_F.jpg,388,1078
152.0_r_199_5.0_F.jpg,398,929
151.0_r_223_5.6_F.jpg,407,1062
282.0_r_180_3.6_F.jpg,398,1192
157.0_r_174_2.0_F.jpg,318,939
247.0_r_215_3.0_F.jpg,418,1230
139.0_r_180_6.0_F.jpg,316,935
82.0_r_169_2.6_F.jpg,360,961
83.0_r_187_4.0_F.jpg,418,1116
154.0_r_253_2.6_F.jpg,331,1068
158.0_r_247_3.0_F.jpg,364,1044
136.0_r_212_5.0_F.jpg,367,1073
245.0_r_200_5.0_F.jpg,410,1090
245.0_r_200_5.0_F.jpg,410,1090,245.0_r_200_5.0_F.jpg,410,1090
135.0_r_223_4.0_F.jpg,335,957
179.0_r_103_1.6_M.jpg,292,895
199.0_r_154_5.0_F.jpg,318,804
266.0_r_150_3.0_M.jpg,284,965
91.0_r_141_6.0_F.jpg,258,774
270.0_r_119_5.0_F.jpg,311,876
336.0_r_109_1.8_M.jpg,281,935
1_r.jpg,292,895
2_r.jpg,318,804
3_r.jpg,284,965
5_r.jpg,311,876
6_r.jpg,281,935
7_r.jpg,209,701
8_r.jpg,434,1143
9_r.jpg,282,928
12_r.jpg,392,950
13_r.jpg,308,955
14_r.jpg,271,787
15_r.jpg,265,907
16_r.jpg,301,871
17_r.jpg,259,917
18_r.jpg,301,952
19_r.jpg,434,1132
20_r.jpg,263,693
1_r.jpg,1899,1424
2_r.jpg,1899,1424
3_r.jpg,1899,1424
4_r.jpg,1899,1424
5_r.jpg,1899,1424
6_r.jpg,1899,1424
7_r.jpg,1899,1424
8_r.jpg,1899,1424
9_r.jpg,1899,1424
1_r.jpg,1899,1424
2_r.jpg,1899,1424
3_r.jpg,1899,1424
4_r.jpg,1899,1424
5_r.jpg,1899,1424
6_r.jpg,1899,1424
7_r.jpg,1899,1424
8_r.jpg,1899,1424
9_r.jpg,1899,1424
1_r.jpg,1899,1424
2_r.jpg,1899,1424
3_r.jpg,1899,1424
4_r.jpg,1899,1424
5_r.jpg,1899,1424
6_r.jpg,1899,1424
7_r.jpg,1899,1424
8_r.jpg,1899,1424
9_r.jpg,1899,1424
1_r.jpg,1899,1424
2_r.jpg,1899,1424
3_r.jpg,1899,1424
4_r.jpg,1899,1424
5_r.jpg,1899,1424
6_r.jpg,1899,1424
7_r.jpg,1899,1424
8_r.jpg,1899,1424
9_r.jpg,1899,1424
12_r.jpg,1899,1424
13_r.jpg,1899,1424
14_r.jpg,1899,1424
15_r.jpg,1899,1424
16_r.jpg,1899,1424
17_r.jpg,1899,1424
18_r.jpg,1899,1424
19_r.jpg,1899,1424
20_r.jpg,1899,1424
1_r.jpg,1899,1424
2_r.jpg,1899,1424
3_r.jpg,1899,1424
4_r.jpg,1899,1424
5_r.jpg,1899,1424
6_r.jpg,1899,1424
7_r.jpg,1899,1424
8_r.jpg,1899,1424
9_r.jpg,1899,1424
12_r.jpg,1899,1424
13_r.jpg,1899,1424
14_r.jpg,1899,1424
15_r.jpg,1899,1424
16_r.jpg,1899,1424
17_r.jpg,1899,1424
18_r.jpg,1899,1424
19_r.jpg,1899,1424
20_r.jpg,1899,1424
1_r.jpg,1899,1424
2_r.jpg,1899,1424
1_r.jpg,1899,1424
2_r.jpg,1899,1424
3_r.jpg,1899,1424
4_r.jpg,1899,1424
,165.84413146972656,302.73157501220703
,165.84413146972656,302.73157501220703,,182.08953857421875,214.85211181640625
,165.84413146972656,302.73157501220703,,182.08953857421875,214.85211181640625,,33.937564849853516,95.04310607910156
,165.84413146972656,302.73157501220703,,182.08953857421875,214.85211181640625,,33.937564849853516,95.04310607910156,,53.3033447265625,117.35894775390625
,165.84413146972656,302.73157501220703,,182.08953857421875,214.85211181640625,,33.937564849853516,95.04310607910156,,53.3033447265625,117.35894775390625,,18.065032958984375,34.19695281982422
,384.21307373046875,1010.6729431152344
,384.21307373046875,1010.6729431152344
,384.21307373046875,1010.6729431152344
,384.21307373046875,1010.6729431152344
,384.21307373046875,1010.6729431152344
,384.21307373046875,1010.6729431152344
