1_r.jpg,431,1262
2_r.jpg,408,1057
3_r.jpg,431,1113
4_r.jpg,456,1207
5_r.jpg,426,19
6_r.jpg,427,1187
7_r.jpg,410,1168
8_r.jpg,408,1187
9_r.jpg,409,1243
12_r.jpg,371,1151
13_r.jpg,410,19
14_r.jpg,408,1228
15_r.jpg,465,1226
16_r.jpg,445,18
17_r.jpg,433,1171
18_r.jpg,429,1226
19_r.jpg,445,1245
20_r.jpg,408,1225
1_r.jpg,431,1262
2_r.jpg,408,1057
1_r.jpg,431,1262
2_r.jpg,408,1057
3_r.jpg,431,1113
4_r.jpg,456,1207
,65,76
,317,968
,317,968
,317,968
,882,12
,317,968
,790,550
,317,968
,790,550
,317,968
,790,550
,317,968
,790,550
,317,968
,790,550
,317,968
,790,550
,317,968
,790,550
,317,968
,790,550
,317,968
,790,550
,317,968
,790,550
,317,968
,790,550
,317,968
,790,550
,317,968
,790,550
,317,968
,790,550
,317,968
,790,550
,317,968
,790,550
,6,15
,6,15
,6,15
,6,15
,6,15
,317,968
,790,550
,790,550
,790,550
,790,550
,790,550
,32,59
,32,59
,6,15
,32,59
,29,97
,6,15
,29,97
,6,15
,6,15
,6,15
,29,97
,10,26
,317,968
,790,550
,317,968
,790,550
,131,408
,330,233
,131,408
,330,233
,131,408
,330,233
,131,408
,330,233
,131,408
,330,233
,131,408
,330,233
,131,408
,330,233
,131,408
,330,233
,131,408
,330,233
,131,408
,330,233
,131,408
,330,233
,131,408
,330,233
,131,408
,330,233
,131,408
,330,233
,131,408
,330,233
,131,408
,330,233
,131,408
,136,236
,131,408
,326,108
,131,408
,326,108
,131,408
,326,108
,131,408
,326,108
,131,408
,326,108
,131,408
,326,108
,131,408
,326,108
,131,408
,326,108
,131,408
,326,108
,131,408
,326,108
,131,408
,326,108
,131,408
,326,108
,131,408
,326,108
,131,408
,326,108
,131,408
,326,108
,131,408
,326,108
,131,408
,326,108
,131,408
,326,108
